regiao,vendas,quantidade,desconto,custo_unitario
Centro,42379.875384615385,11.923076923076923,12.307692307692308,2377.083076923077
Leste,23358.163333333334,15.88888888888889,9.444444444444445,998.5133333333332
Norte,24196.771,11.1,15.0,1643.843
Oeste,61300.185,19.2,14.0,2153.797
Sul,53314.348181818175,13.909090909090908,11.818181818181818,2398.6709090909094
