produto,vendas,quantidade,desconto,custo_unitario
Calca,3623.9249999999997,15.071428571428571,11.071428571428571,148.19571428571427
Camiseta,3171.045555555556,16.333333333333332,10.0,129.44
Jaqueta,2979.3173333333334,15.333333333333334,13.333333333333334,120.74866666666667
Tenis,3989.8653846153848,18.615384615384617,13.846153846153847,140.70076923076923
Vestido,3350.3227272727277,15.727272727272727,14.545454545454545,155.84
